{
  "step_qonnx_to_finn": 0.10806608200073242,
  "step_tidy_up": 0.06843686103820801,
  "step_streamline": 1.3956298828125,
  "step_convert_to_hw": 0.027671098709106445,
  "step_create_dataflow_partition": 0.0065081119537353516,
  "step_specialize_layers": 0.0052983760833740234,
  "step_target_fps_parallelization": 0.022511005401611328,
  "step_apply_folding_config": 2.384185791015625e-06,
  "step_minimize_bit_width": 0.022568225860595703,
  "step_generate_estimate_reports": 0.017911434173583984
}