{
  "step_qonnx_to_finn": 0.1063227653503418,
  "step_tidy_up": 0.06121230125427246,
  "step_streamline": 1.3858847618103027,
  "step_convert_to_hw": 0.027549028396606445,
  "step_create_dataflow_partition": 0.006675004959106445,
  "step_specialize_layers": 0.005305290222167969,
  "step_target_fps_parallelization": 0.021463871002197266,
  "step_apply_folding_config": 2.6226043701171875e-06,
  "step_minimize_bit_width": 0.021249055862426758,
  "step_generate_estimate_reports": 3.5762786865234375e-06,
  "step_hw_codegen": 3.410134792327881,
  "step_hw_ipgen": 95.21308755874634,
  "step_set_fifo_depths": 103.95397758483887,
  "step_create_stitched_ip": 1.239776611328125e-05,
  "step_measure_rtlsim_performance": 3.337860107421875e-06,
  "step_out_of_context_synthesis": 1.430511474609375e-06,
  "step_synthesize_bitfile": 1382.7545256614685,
  "step_make_pynq_driver": 1.8879928588867188,
  "step_deployment_package": 0.00933694839477539
}